day,month,year,log_ret,react_label,date,common
4,1,2016,0.0,Up,2016-01-04,0
5,1,2016,-0.01383801,Down,2016-01-05,0
6,1,2016,0.026477263,Up,2016-01-06,0
7,1,2016,-0.019801235,Down,2016-01-07,0
8,1,2016,-0.000171184,Down,2016-01-08,0
11,1,2016,0.013925688,Up,2016-01-11,0
12,1,2016,0.019858218,Up,2016-01-12,0
13,1,2016,0.024653348,Up,2016-01-13,1
14,1,2016,-0.032606451,Down,2016-01-14,0
15,1,2016,0.004484492,Up,2016-01-15,0
18,1,2016,-0.028254804,Down,2016-01-18,1
19,1,2016,0.047631985,Up,2016-01-19,1
20,1,2016,-0.032062895,Down,2016-01-20,1
21,1,2016,0.014164477,Up,2016-01-21,1
22,1,2016,0.023239218,Up,2016-01-22,1
25,1,2016,0.018760489,Up,2016-01-25,0
26,1,2016,-0.01665798,Down,2016-01-26,0
27,1,2016,-0.001128084,Down,2016-01-27,0
28,1,2016,0.004994605,Up,2016-01-28,1
29,1,2016,0.026502227,Up,2016-01-29,1
1,2,2016,-0.000314087,Down,2016-02-01,1
2,2,2016,-0.003767213,Down,2016-02-02,1
3,2,2016,0.004073761,Up,2016-02-03,1
4,2,2016,-0.019288999,Down,2016-02-04,1
5,2,2016,0.009371157,Up,2016-02-05,0
8,2,2016,-0.046293838,Down,2016-02-08,0
9,2,2016,-0.000824247,Down,2016-02-09,0
10,2,2016,0.029730524,Up,2016-02-10,0
11,2,2016,-0.024931276,Down,2016-02-11,0
12,2,2016,0.009361785,Up,2016-02-12,0
15,2,2016,0.031376906,Up,2016-02-15,1
16,2,2016,-0.011795122,Down,2016-02-16,1
17,2,2016,0.024704802,Up,2016-02-17,0
18,2,2016,0.017980021,Up,2016-02-18,0
19,2,2016,0.013584451,Up,2016-02-19,0
22,2,2016,0.01638771,Up,2016-02-22,0
23,2,2016,-0.007631703,Down,2016-02-23,1
24,2,2016,0.027252254,Up,2016-02-24,0
25,2,2016,0.024261221,Up,2016-02-25,1
26,2,2016,-0.013931202,Down,2016-02-26,0
29,2,2016,-0.005660566,Down,2016-02-29,1
1,3,2016,0.014589134,Up,2016-03-01,1
2,3,2016,-0.032945172,Down,2016-03-02,1
3,3,2016,-0.006096229,Down,2016-03-03,1
4,3,2016,0.029967321,Up,2016-03-04,1
7,3,2016,-0.015455475,Down,2016-03-07,1
8,3,2016,-0.006333424,Down,2016-03-08,1
9,3,2016,0.027415258,Up,2016-03-09,1
10,3,2016,0.006888233,Up,2016-03-10,1
11,3,2016,0.013629393,Up,2016-03-11,1
14,3,2016,0.013027583,Up,2016-03-14,1
15,3,2016,0.00568594,Up,2016-03-15,1
16,3,2016,0.002213493,Up,2016-03-16,1
17,3,2016,0.001237592,Up,2016-03-17,1
18,3,2016,-0.000821907,Down,2016-03-18,1
21,3,2016,0.002068489,Up,2016-03-21,1
22,3,2016,0.010822463,Up,2016-03-22,1
23,3,2016,0.021158946,Up,2016-03-23,0
29,3,2016,-0.005346026,Down,2016-03-29,1
30,3,2016,0.008008847,Up,2016-03-30,1
31,3,2016,-0.025185673,Down,2016-03-31,1
1,4,2016,-0.004923,Down,2016-04-01,1
4,4,2016,0.008598343,Up,2016-04-04,1
5,4,2016,0.00217995,Up,2016-04-05,0
6,4,2016,0.016808656,Up,2016-04-06,0
7,4,2016,-0.012483309,Down,2016-04-07,0
8,4,2016,0.00121928,Up,2016-04-08,0
11,4,2016,-0.017543605,Down,2016-04-11,1
12,4,2016,0.007241548,Up,2016-04-12,0
13,4,2016,-0.002312407,Down,2016-04-13,0
14,4,2016,0.000271947,Up,2016-04-14,0
15,4,2016,-0.014851625,Down,2016-04-15,0
18,4,2016,0.000694999,Up,2016-04-18,0
19,4,2016,-0.00402097,Down,2016-04-19,0
20,4,2016,-0.01428195,Down,2016-04-20,1
21,4,2016,-0.053003286,Down,2016-04-21,0
22,4,2016,0.00917625,Up,2016-04-22,0
25,4,2016,-0.005464596,Down,2016-04-25,1
26,4,2016,0.012073817,Up,2016-04-26,0
27,4,2016,0.015258057,Up,2016-04-27,0
28,4,2016,-0.003465894,Down,2016-04-28,0
29,4,2016,-0.002752757,Down,2016-04-29,0
2,5,2016,0.004921481,Up,2016-05-02,1
3,5,2016,-0.005790558,Down,2016-05-03,0
4,5,2016,0.022109188,Up,2016-05-04,0
6,5,2016,0.013121554,Up,2016-05-06,1
9,5,2016,0.022315971,Up,2016-05-09,0
10,5,2016,-0.001653647,Down,2016-05-10,0
11,5,2016,0.021737742,Up,2016-05-11,0
12,5,2016,0.006696647,Up,2016-05-12,0
13,5,2016,0.015100671,Up,2016-05-13,0
18,5,2016,-0.016696597,Down,2016-05-18,1
19,5,2016,-0.007920484,Down,2016-05-19,1
20,5,2016,0.027505002,Up,2016-05-20,1
23,5,2016,0.001837506,Up,2016-05-23,0
24,5,2016,0.013258641,Up,2016-05-24,0
25,5,2016,-0.001679148,Down,2016-05-25,0
26,5,2016,0.026046789,Up,2016-05-26,0
27,5,2016,-0.006959261,Down,2016-05-27,0
30,5,2016,0.020477642,Up,2016-05-30,0
31,5,2016,0.001492873,Up,2016-05-31,1
1,6,2016,0.009880501,Up,2016-06-01,1
2,6,2016,0.005885358,Up,2016-06-02,1
3,6,2016,-0.012911769,Down,2016-06-03,1
6,6,2016,0.007459516,Up,2016-06-06,1
7,6,2016,-0.003998417,Down,2016-06-07,1
8,6,2016,0.012987349,Up,2016-06-08,1
9,6,2016,-0.010464544,Down,2016-06-09,1
10,6,2016,-0.008775383,Down,2016-06-10,1
13,6,2016,-0.013810091,Down,2016-06-13,0
14,6,2016,-0.021497442,Down,2016-06-14,1
15,6,2016,0.023951368,Up,2016-06-15,1
16,6,2016,-0.040344011,Down,2016-06-16,0
17,6,2016,0.010605183,Up,2016-06-17,1
20,6,2016,0.029300599,Up,2016-06-20,1
21,6,2016,0.023634026,Up,2016-06-21,0
22,6,2016,-0.013756449,Down,2016-06-22,0
23,6,2016,0.003548938,Up,2016-06-23,0
24,6,2016,-0.010797132,Down,2016-06-24,0
27,6,2016,-0.038752214,Down,2016-06-27,1
28,6,2016,0.046123774,Up,2016-06-28,1
29,6,2016,0.018115768,Up,2016-06-29,1
30,6,2016,-0.030252392,Down,2016-06-30,1
1,7,2016,0.028661062,Up,2016-07-01,1
4,7,2016,-0.019290949,Down,2016-07-04,0
5,7,2016,-0.015098532,Down,2016-07-05,1
6,7,2016,0.017629439,Up,2016-07-06,0
7,7,2016,0.015790499,Up,2016-07-07,1
8,7,2016,0.024051337,Up,2016-07-08,0
11,7,2016,0.017569161,Up,2016-07-11,1
12,7,2016,-0.01217738,Down,2016-07-12,1
13,7,2016,0.011308594,Up,2016-07-13,1
14,7,2016,0.019209257,Up,2016-07-14,0
15,7,2016,-0.034181844,Down,2016-07-15,1
18,7,2016,-0.011875531,Down,2016-07-18,0
19,7,2016,0.00386877,Up,2016-07-19,0
20,7,2016,0.004498755,Up,2016-07-20,0
21,7,2016,-0.002758008,Down,2016-07-21,0
22,7,2016,-0.003658961,Down,2016-07-22,1
25,7,2016,-0.012293554,Down,2016-07-25,0
26,7,2016,0.00344698,Up,2016-07-26,0
27,7,2016,0.004120834,Up,2016-07-27,1
28,7,2016,0.002794161,Up,2016-07-28,1
29,7,2016,0.003195315,Up,2016-07-29,0
1,8,2016,-0.01035664,Down,2016-08-01,0
2,8,2016,0.006966787,Up,2016-08-02,0
3,8,2016,-0.003323709,Down,2016-08-03,1
4,8,2016,0.004458034,Up,2016-08-04,1
5,8,2016,-0.003915016,Down,2016-08-05,1
8,8,2016,-0.027473927,Down,2016-08-08,1
9,8,2016,0.008267787,Up,2016-08-09,1
10,8,2016,-0.014657825,Down,2016-08-10,1
11,8,2016,0.013539474,Up,2016-08-11,1
12,8,2016,-0.010573847,Down,2016-08-12,1
15,8,2016,-0.063812319,Down,2016-08-15,0
16,8,2016,0.001635934,Up,2016-08-16,1
17,8,2016,-0.017307056,Down,2016-08-17,1
18,8,2016,-0.016445528,Down,2016-08-18,1
19,8,2016,-0.016829908,Down,2016-08-19,1
22,8,2016,0.023357399,Up,2016-08-22,1
23,8,2016,0.037041912,Up,2016-08-23,1
24,8,2016,-0.006200459,Down,2016-08-24,1
25,8,2016,-2.14e-05,Down,2016-08-25,1
26,8,2016,-0.005408531,Down,2016-08-26,0
29,8,2016,5.34e-05,Up,2016-08-29,0
30,8,2016,-0.001047504,Down,2016-08-30,0
31,8,2016,-0.001868165,Down,2016-08-31,0
1,9,2016,0.006496128,Up,2016-09-01,0
2,9,2016,0.007629051,Up,2016-09-02,1
5,9,2016,0.005864758,Up,2016-09-05,0
6,9,2016,-0.00881904,Down,2016-09-06,1
7,9,2016,0.004041522,Up,2016-09-07,1
8,9,2016,-0.002728007,Down,2016-09-08,0
9,9,2016,-0.026012911,Down,2016-09-09,0
12,9,2016,-0.009211392,Down,2016-09-12,1
13,9,2016,-0.004109446,Down,2016-09-13,1
14,9,2016,0.02484845,Up,2016-09-14,1
15,9,2016,0.002284867,Up,2016-09-15,1
16,9,2016,0.02350965,Up,2016-09-16,1
19,9,2016,-0.006289047,Down,2016-09-19,1
20,9,2016,0.044128245,Up,2016-09-20,1
21,9,2016,-0.013594906,Down,2016-09-21,1
22,9,2016,0.01862407,Up,2016-09-22,1
23,9,2016,-0.005322766,Down,2016-09-23,1
26,9,2016,-0.018719233,Down,2016-09-26,1
27,9,2016,-0.014771561,Down,2016-09-27,1
28,9,2016,0.020994423,Up,2016-09-28,1
29,9,2016,0.003554558,Up,2016-09-29,0
30,9,2016,0.044302972,Up,2016-09-30,1
3,10,2016,4.69e-06,Up,2016-10-03,0
4,10,2016,0.012299671,Up,2016-10-04,1
5,10,2016,-0.005425404,Down,2016-10-05,1
6,10,2016,0.004924294,Up,2016-10-06,1
7,10,2016,-0.009025668,Down,2016-10-07,1
10,10,2016,0.013843842,Up,2016-10-10,1
11,10,2016,0.007708919,Up,2016-10-11,1
12,10,2016,-0.007312651,Down,2016-10-12,1
13,10,2016,0.006915481,Up,2016-10-13,1
14,10,2016,0.014963643,Up,2016-10-14,1
17,10,2016,-0.000262023,Down,2016-10-17,0
18,10,2016,0.014168128,Up,2016-10-18,0
19,10,2016,0.005634832,Up,2016-10-19,1
20,10,2016,0.004153904,Up,2016-10-20,0
21,10,2016,0.004012162,Up,2016-10-21,1
24,10,2016,0.002345475,Up,2016-10-24,1
25,10,2016,0.020161369,Up,2016-10-25,1
26,10,2016,-0.011451535,Down,2016-10-26,1
27,10,2016,0.011551718,Up,2016-10-27,1
28,10,2016,-0.007184812,Down,2016-10-28,1
31,10,2016,-0.016108493,Down,2016-10-31,1
1,11,2016,-4.28e-05,Down,2016-11-01,1
2,11,2016,-0.011957756,Down,2016-11-02,1
3,11,2016,0.008658445,Up,2016-11-03,1
4,11,2016,-0.020095766,Down,2016-11-04,1
7,11,2016,0.026468804,Up,2016-11-07,1
8,11,2016,-0.00098123,Down,2016-11-08,1
9,11,2016,-0.009888291,Down,2016-11-09,1
10,11,2016,-0.016315901,Down,2016-11-10,1
11,11,2016,0.000585524,Up,2016-11-11,1
14,11,2016,0.021140275,Up,2016-11-14,1
15,11,2016,0.017820326,Up,2016-11-15,0
16,11,2016,-0.023814943,Down,2016-11-16,1
17,11,2016,0.011977512,Up,2016-11-17,1
18,11,2016,0.010205265,Up,2016-11-18,1
21,11,2016,0.004209898,Up,2016-11-21,0
22,11,2016,-0.001280549,Down,2016-11-22,1
23,11,2016,-0.005685035,Down,2016-11-23,1
24,11,2016,0.003798472,Up,2016-11-24,1
25,11,2016,0.005687302,Up,2016-11-25,1
28,11,2016,0.000933227,Up,2016-11-28,1
29,11,2016,9.2e-05,Up,2016-11-29,1
30,11,2016,0.008015003,Up,2016-11-30,1
1,12,2016,-0.02220091,Down,2016-12-01,0
2,12,2016,-0.004854748,Down,2016-12-02,1
5,12,2016,0.007782843,Up,2016-12-05,0
6,12,2016,-0.002456134,Down,2016-12-06,1
7,12,2016,-0.00753977,Down,2016-12-07,1
8,12,2016,0.005749093,Up,2016-12-08,1
9,12,2016,0.006238093,Up,2016-12-09,0
12,12,2016,-0.000390034,Down,2016-12-12,1
13,12,2016,0.000280103,Up,2016-12-13,0
14,12,2016,-0.006238663,Down,2016-12-14,1
15,12,2016,0.002025325,Up,2016-12-15,0
16,12,2016,0.000326956,Up,2016-12-16,0
19,12,2016,0.007081063,Up,2016-12-19,1
20,12,2016,-0.001289787,Down,2016-12-20,0
21,12,2016,-0.013870465,Down,2016-12-21,1
22,12,2016,-0.005997415,Down,2016-12-22,1
23,12,2016,0.010055316,Up,2016-12-23,1
27,12,2016,0.011539595,Up,2016-12-27,1
28,12,2016,-0.005186846,Down,2016-12-28,1
29,12,2016,-0.000235826,Down,2016-12-29,0
30,12,2016,-0.004377599,Down,2016-12-30,1
2,1,2017,-0.002926888,Down,2017-01-02,0
3,1,2017,-0.011573991,Down,2017-01-03,1
4,1,2017,0.00090086,Up,2017-01-04,1
5,1,2017,-0.045745824,Down,2017-01-05,0
6,1,2017,0.002730073,Up,2017-01-06,1
9,1,2017,-0.021269801,Down,2017-01-09,1
10,1,2017,-0.005853328,Down,2017-01-10,1
11,1,2017,0.033169278,Up,2017-01-11,1
12,1,2017,-0.0066774,Down,2017-01-12,0
13,1,2017,-0.007435929,Down,2017-01-13,1
16,1,2017,-0.007429589,Down,2017-01-16,1
17,1,2017,0.003358538,Up,2017-01-17,1
18,1,2017,0.034797524,Up,2017-01-18,1
19,1,2017,0.00920211,Up,2017-01-19,1
20,1,2017,-0.004832497,Down,2017-01-20,1
23,1,2017,-0.01944557,Down,2017-01-23,1
24,1,2017,-0.004854515,Down,2017-01-24,0
25,1,2017,-0.012471188,Down,2017-01-25,1
26,1,2017,-0.007041208,Down,2017-01-26,1
27,1,2017,-0.00400275,Down,2017-01-27,0
30,1,2017,-0.010821173,Down,2017-01-30,1
31,1,2017,-0.00080338,Down,2017-01-31,0
1,2,2017,0.016438187,Up,2017-02-01,0
2,2,2017,-0.01521681,Down,2017-02-02,1
3,2,2017,0.011949124,Up,2017-02-03,1
6,2,2017,-0.009463982,Down,2017-02-06,0
7,2,2017,0.013022757,Up,2017-02-07,1
8,2,2017,0.02586455,Up,2017-02-08,0
9,2,2017,-0.006234652,Down,2017-02-09,1
10,2,2017,-0.007265993,Down,2017-02-10,0
13,2,2017,-0.003477257,Down,2017-02-13,1
14,2,2017,-0.008544339,Down,2017-02-14,0
15,2,2017,-0.037846549,Down,2017-02-15,1
16,2,2017,0.005609573,Up,2017-02-16,1
17,2,2017,0.000722936,Up,2017-02-17,1
20,2,2017,0.009877037,Up,2017-02-20,1
21,2,2017,0.006594168,Up,2017-02-21,0
22,2,2017,0.005559729,Up,2017-02-22,0
23,2,2017,-0.015156287,Down,2017-02-23,1
24,2,2017,-0.003424267,Down,2017-02-24,0
27,2,2017,-0.006499716,Down,2017-02-27,1
28,2,2017,-0.005526695,Down,2017-02-28,1
1,3,2017,0.005300688,Up,2017-03-01,1
2,3,2017,-0.001696555,Down,2017-03-02,1
3,3,2017,-0.036777308,Down,2017-03-03,1
6,3,2017,0.000834711,Up,2017-03-06,1
7,3,2017,-0.003099966,Down,2017-03-07,1
8,3,2017,-0.003076366,Down,2017-03-08,1
9,3,2017,0.012228316,Up,2017-03-09,1
10,3,2017,0.00035136,Up,2017-03-10,1
13,3,2017,0.00860065,Up,2017-03-13,1
14,3,2017,-0.005744747,Down,2017-03-14,1
15,3,2017,0.005494348,Up,2017-03-15,1
16,3,2017,0.000217453,Up,2017-03-16,0
17,3,2017,-0.009398171,Down,2017-03-17,1
20,3,2017,0.000311557,Up,2017-03-20,1
21,3,2017,-0.007047222,Down,2017-03-21,1
22,3,2017,-0.013493771,Down,2017-03-22,1
23,3,2017,-0.009140259,Down,2017-03-23,1
24,3,2017,-0.027442234,Down,2017-03-24,0
27,3,2017,-0.013635686,Down,2017-03-27,1
28,3,2017,-0.001766036,Down,2017-03-28,0
29,3,2017,-0.018903554,Down,2017-03-29,1
30,3,2017,0.003150453,Up,2017-03-30,0
31,3,2017,-0.032811565,Down,2017-03-31,1
3,4,2017,-0.0096687,Down,2017-04-03,1
4,4,2017,-0.008187996,Down,2017-04-04,1
5,4,2017,0.003271806,Up,2017-04-05,1
6,4,2017,0.020690553,Up,2017-04-06,1
7,4,2017,0.012578524,Up,2017-04-07,1
10,4,2017,-0.012397342,Down,2017-04-10,1
11,4,2017,-0.010453921,Down,2017-04-11,0
12,4,2017,0.000777773,Up,2017-04-12,0
18,4,2017,0.030181104,Up,2017-04-18,1
19,4,2017,-0.031502946,Down,2017-04-19,1
20,4,2017,0.007496064,Up,2017-04-20,0
21,4,2017,-0.004193502,Down,2017-04-21,1
24,4,2017,0.008878357,Up,2017-04-24,1
25,4,2017,0.032896778,Up,2017-04-25,0
26,4,2017,0.014932554,Up,2017-04-26,1
27,4,2017,0.025798652,Up,2017-04-27,0
28,4,2017,0.008859356,Up,2017-04-28,1
2,5,2017,0.023261417,Up,2017-05-02,1
3,5,2017,-0.003687564,Down,2017-05-03,1
4,5,2017,-0.001028849,Down,2017-05-04,0
5,5,2017,0.034187904,Up,2017-05-05,1
8,5,2017,0.020542664,Up,2017-05-08,1
9,5,2017,0.005257159,Up,2017-05-09,1
10,5,2017,-0.020830481,Down,2017-05-10,1
11,5,2017,-0.006075987,Down,2017-05-11,1
12,5,2017,0.011485122,Up,2017-05-12,1
15,5,2017,-0.005775524,Down,2017-05-15,1
16,5,2017,0.021385005,Up,2017-05-16,1
18,5,2017,-0.015289627,Down,2017-05-18,1
19,5,2017,0.026652264,Up,2017-05-19,1
22,5,2017,-0.015176694,Down,2017-05-22,1
23,5,2017,-0.004247005,Down,2017-05-23,1
24,5,2017,-0.010919459,Down,2017-05-24,1
26,5,2017,-0.019857773,Down,2017-05-26,1
29,5,2017,-0.002831191,Down,2017-05-29,1
30,5,2017,0.018732893,Up,2017-05-30,1
31,5,2017,0.009522802,Up,2017-05-31,1
1,6,2017,0.021209309,Up,2017-06-01,1
2,6,2017,0.005901904,Up,2017-06-02,1
6,6,2017,0.001778321,Up,2017-06-06,0
7,6,2017,-0.011201019,Down,2017-06-07,1
8,6,2017,-0.005117429,Down,2017-06-08,0
9,6,2017,-0.012345151,Down,2017-06-09,0
12,6,2017,0.007992852,Up,2017-06-12,1
13,6,2017,-0.026953213,Down,2017-06-13,1
14,6,2017,-0.001391303,Down,2017-06-14,1
15,6,2017,-0.005534449,Down,2017-06-15,1
16,6,2017,0.010822184,Up,2017-06-16,1
19,6,2017,-0.003462685,Down,2017-06-19,1
20,6,2017,0.039471991,Up,2017-06-20,1
21,6,2017,-0.003232354,Down,2017-06-21,1
22,6,2017,-0.009125921,Down,2017-06-22,1
23,6,2017,-0.005330794,Down,2017-06-23,1
26,6,2017,-0.007767642,Down,2017-06-26,1
27,6,2017,-0.031930511,Down,2017-06-27,0
28,6,2017,0.000934503,Up,2017-06-28,1
29,6,2017,-0.019425152,Down,2017-06-29,1
30,6,2017,0.015552716,Up,2017-06-30,1
3,7,2017,-0.016119338,Down,2017-07-03,1
4,7,2017,0.006672445,Up,2017-07-04,1
5,7,2017,-0.010114674,Down,2017-07-05,1
6,7,2017,-0.016139237,Down,2017-07-06,1
7,7,2017,0.007661061,Up,2017-07-07,1
10,7,2017,0.007247091,Up,2017-07-10,1
11,7,2017,-0.018426931,Down,2017-07-11,1
12,7,2017,0.021674267,Up,2017-07-12,1
13,7,2017,0.004339007,Up,2017-07-13,1
14,7,2017,-0.00764748,Down,2017-07-14,1
17,7,2017,0.02449329,Up,2017-07-17,1
18,7,2017,-0.012727259,Down,2017-07-18,1
19,7,2017,-0.001548323,Down,2017-07-19,1
20,7,2017,0.012387964,Up,2017-07-20,1
21,7,2017,-0.022122889,Down,2017-07-21,1
24,7,2017,0.006769849,Up,2017-07-24,1
25,7,2017,0.012068898,Up,2017-07-25,1
26,7,2017,0.021511115,Up,2017-07-26,1
27,7,2017,-0.00988954,Down,2017-07-27,1
28,7,2017,-0.002737258,Down,2017-07-28,1
31,7,2017,-0.004378774,Down,2017-07-31,1
1,8,2017,0.027868429,Up,2017-08-01,1
2,8,2017,0.000138938,Up,2017-08-02,1
3,8,2017,0.020686641,Up,2017-08-03,1
4,8,2017,0.018136126,Up,2017-08-04,1
7,8,2017,-0.01387725,Down,2017-08-07,1
8,8,2017,-0.003686339,Down,2017-08-08,1
9,8,2017,0.010831135,Up,2017-08-09,1
10,8,2017,-0.0088534,Down,2017-08-10,1
11,8,2017,-0.010064945,Down,2017-08-11,1
14,8,2017,0.016605037,Up,2017-08-14,1
15,8,2017,-0.001005898,Down,2017-08-15,1
16,8,2017,0.016393527,Up,2017-08-16,1
17,8,2017,-0.006417383,Down,2017-08-17,1
18,8,2017,0.016497269,Up,2017-08-18,1
21,8,2017,0.025593447,Up,2017-08-21,1
22,8,2017,-0.010882019,Down,2017-08-22,1
23,8,2017,-0.005194891,Down,2017-08-23,1
24,8,2017,0.004415564,Up,2017-08-24,1
25,8,2017,0.002111921,Up,2017-08-25,1
28,8,2017,0.008485092,Up,2017-08-28,1
29,8,2017,-0.01367045,Down,2017-08-29,1
30,8,2017,0.007768173,Up,2017-08-30,1
31,8,2017,0.019794334,Up,2017-08-31,1
1,9,2017,0.010398646,Up,2017-09-01,1
4,9,2017,-0.00873305,Down,2017-09-04,1
5,9,2017,0.026610364,Up,2017-09-05,1
6,9,2017,-0.006223613,Down,2017-09-06,1
7,9,2017,-0.006659593,Down,2017-09-07,1
8,9,2017,-0.00852566,Down,2017-09-08,1
11,9,2017,0.016138321,Up,2017-09-11,1
12,9,2017,0.00515219,Up,2017-09-12,1
13,9,2017,-0.002513914,Down,2017-09-13,1
14,9,2017,-0.01427415,Down,2017-09-14,1
15,9,2017,-0.002103387,Down,2017-09-15,0
18,9,2017,0.003125383,Up,2017-09-18,1
19,9,2017,0.006339333,Up,2017-09-19,1
20,9,2017,-0.008099856,Down,2017-09-20,1
21,9,2017,-0.015993497,Down,2017-09-21,1
22,9,2017,0.013660828,Up,2017-09-22,1
25,9,2017,0.00369971,Up,2017-09-25,1
26,9,2017,-0.018456061,Down,2017-09-26,1
27,9,2017,-0.011051982,Down,2017-09-27,1
28,9,2017,0.019977402,Up,2017-09-28,1
29,9,2017,0.006515625,Up,2017-09-29,1
2,10,2017,0.00505431,Up,2017-10-02,1
3,10,2017,0.013066837,Up,2017-10-03,1
4,10,2017,0.01344323,Up,2017-10-04,1
5,10,2017,-0.003590987,Down,2017-10-05,0
6,10,2017,-0.015182423,Down,2017-10-06,1
9,10,2017,0.006780945,Up,2017-10-09,1
10,10,2017,0.028578607,Up,2017-10-10,1
11,10,2017,-0.001413618,Down,2017-10-11,1
12,10,2017,0.010226914,Up,2017-10-12,1
13,10,2017,0.008945383,Up,2017-10-13,0
16,10,2017,-0.013851595,Down,2017-10-16,1
17,10,2017,-0.001891706,Down,2017-10-17,0
18,10,2017,0.01339667,Up,2017-10-18,1
19,10,2017,-5.19e-05,Down,2017-10-19,1
20,10,2017,-0.002834859,Down,2017-10-20,1
23,10,2017,0.008593501,Up,2017-10-23,1
24,10,2017,-0.036201187,Down,2017-10-24,1
25,10,2017,-0.001599617,Down,2017-10-25,1
26,10,2017,-0.007873192,Down,2017-10-26,1
27,10,2017,-0.010713207,Down,2017-10-27,1
30,10,2017,0.010680626,Up,2017-10-30,1
31,10,2017,-0.004415452,Down,2017-10-31,1
1,11,2017,-0.002301021,Down,2017-11-01,1
2,11,2017,-0.037960743,Down,2017-11-02,1
3,11,2017,0.010530321,Up,2017-11-03,1
6,11,2017,0.016011861,Up,2017-11-06,1
7,11,2017,-0.017972738,Down,2017-11-07,1
8,11,2017,0.02947603,Up,2017-11-08,1
9,11,2017,-0.034178594,Down,2017-11-09,1
10,11,2017,0.003242111,Up,2017-11-10,1
13,11,2017,0.00326287,Up,2017-11-13,1
14,11,2017,-0.021175117,Down,2017-11-14,1
15,11,2017,0.032949596,Up,2017-11-15,1
16,11,2017,-0.002895632,Down,2017-11-16,1
17,11,2017,-0.036063014,Down,2017-11-17,1
20,11,2017,0.014392665,Up,2017-11-20,1
21,11,2017,0.022866121,Up,2017-11-21,1
22,11,2017,-0.012893674,Down,2017-11-22,1
23,11,2017,-0.012410608,Down,2017-11-23,1
24,11,2017,-0.032966584,Down,2017-11-24,1
27,11,2017,-0.004492064,Down,2017-11-27,1
28,11,2017,0.003510926,Up,2017-11-28,1
29,11,2017,-0.021087375,Down,2017-11-29,1
30,11,2017,0.019927103,Up,2017-11-30,1
1,12,2017,0.004962621,Up,2017-12-01,1
4,12,2017,0.002540384,Up,2017-12-04,1
5,12,2017,-0.004215881,Down,2017-12-05,1
6,12,2017,0.016115584,Up,2017-12-06,1
7,12,2017,-0.013923216,Down,2017-12-07,1
8,12,2017,-0.014549932,Down,2017-12-08,1
11,12,2017,0.012914236,Up,2017-12-11,1
12,12,2017,0.014124239,Up,2017-12-12,1
13,12,2017,0.017346773,Up,2017-12-13,1
14,12,2017,-0.049595363,Down,2017-12-14,1
15,12,2017,0.003856024,Up,2017-12-15,1
18,12,2017,0.016307394,Up,2017-12-18,1
19,12,2017,-0.011021303,Down,2017-12-19,1
20,12,2017,-0.0110832,Down,2017-12-20,1
21,12,2017,-0.002595772,Down,2017-12-21,1
22,12,2017,0.014270807,Up,2017-12-22,1
27,12,2017,0.020540826,Up,2017-12-27,1
28,12,2017,0.012661599,Up,2017-12-28,0
29,12,2017,-1.07e-05,Down,2017-12-29,1
2,1,2018,-0.021928467,Down,2018-01-02,1
3,1,2018,-0.024374401,Down,2018-01-03,1
4,1,2018,0.014211986,Up,2018-01-04,1
5,1,2018,0.025010529,Up,2018-01-05,1
8,1,2018,-0.03417628,Down,2018-01-08,1
9,1,2018,0.004248692,Up,2018-01-09,1
10,1,2018,0.000790749,Up,2018-01-10,1
11,1,2018,-0.011116889,Down,2018-01-11,1
12,1,2018,-0.023847593,Down,2018-01-12,1
15,1,2018,-0.004763695,Down,2018-01-15,1
16,1,2018,0.00831768,Up,2018-01-16,1
17,1,2018,-0.024993754,Down,2018-01-17,1
18,1,2018,-0.016216897,Down,2018-01-18,1
19,1,2018,0.002309644,Up,2018-01-19,1
22,1,2018,0.018175239,Up,2018-01-22,1
23,1,2018,0.008736939,Up,2018-01-23,0
24,1,2018,-0.027648069,Down,2018-01-24,1
25,1,2018,0.005025979,Up,2018-01-25,1
26,1,2018,-0.002528759,Down,2018-01-26,1
29,1,2018,-0.022854927,Down,2018-01-29,1
30,1,2018,0.014665014,Up,2018-01-30,1
31,1,2018,0.007063009,Up,2018-01-31,1
1,2,2018,0.023862845,Up,2018-02-01,1
2,2,2018,0.029526668,Up,2018-02-02,1
5,2,2018,-0.008706949,Down,2018-02-05,1
6,2,2018,-0.020194497,Down,2018-02-06,1
7,2,2018,0.026407933,Up,2018-02-07,1
8,2,2018,0.038526813,Up,2018-02-08,0
9,2,2018,-0.00428833,Down,2018-02-09,1
12,2,2018,0.002000635,Up,2018-02-12,1
13,2,2018,0.028500563,Up,2018-02-13,1
14,2,2018,-0.003901335,Down,2018-02-14,1
15,2,2018,0.023917661,Up,2018-02-15,1
16,2,2018,0.028489063,Up,2018-02-16,1
19,2,2018,-0.004519298,Down,2018-02-19,1
20,2,2018,0.001583827,Up,2018-02-20,1
21,2,2018,0.018151796,Up,2018-02-21,1
22,2,2018,0.033693404,Up,2018-02-22,1
23,2,2018,0.013554422,Up,2018-02-23,1
26,2,2018,-0.002085887,Down,2018-02-26,1
27,2,2018,-0.014226368,Down,2018-02-27,1
28,2,2018,0.010003051,Up,2018-02-28,1
1,3,2018,-0.002185447,Down,2018-03-01,1
2,3,2018,-0.010312536,Down,2018-03-02,1
5,3,2018,0.006781739,Up,2018-03-05,1
6,3,2018,0.012867644,Up,2018-03-06,1
7,3,2018,0.022952644,Up,2018-03-07,1
8,3,2018,0.015786676,Up,2018-03-08,1
9,3,2018,-0.001974034,Down,2018-03-09,1
12,3,2018,0.016583608,Up,2018-03-12,1
13,3,2018,-0.016161615,Down,2018-03-13,0
14,3,2018,-0.015060698,Down,2018-03-14,1
15,3,2018,-0.009199796,Down,2018-03-15,0
16,3,2018,-0.008119612,Down,2018-03-16,1
19,3,2018,0.004263614,Up,2018-03-19,1
20,3,2018,0.019240464,Up,2018-03-20,1
21,3,2018,-0.001287325,Down,2018-03-21,1
22,3,2018,-0.008555902,Down,2018-03-22,1
23,3,2018,0.010988663,Up,2018-03-23,1
26,3,2018,0.023590255,Up,2018-03-26,1
27,3,2018,0.016174441,Up,2018-03-27,0
28,3,2018,-0.000233922,Down,2018-03-28,0
3,4,2018,0.032543472,Up,2018-04-03,1
4,4,2018,-0.024174933,Down,2018-04-04,1
5,4,2018,0.011423019,Up,2018-04-05,0
6,4,2018,0.026633196,Up,2018-04-06,1
9,4,2018,0.005013032,Up,2018-04-09,1
10,4,2018,0.018366473,Up,2018-04-10,1
11,4,2018,0.011059991,Up,2018-04-11,1
12,4,2018,-0.001504052,Down,2018-04-12,1
13,4,2018,0.009480314,Up,2018-04-13,1
16,4,2018,-0.013815738,Down,2018-04-16,1
17,4,2018,0.015020924,Up,2018-04-17,1
18,4,2018,0.011516201,Up,2018-04-18,1
19,4,2018,-0.018904556,Down,2018-04-19,1
20,4,2018,-0.008224788,Down,2018-04-20,1
23,4,2018,0.024100417,Up,2018-04-23,1
24,4,2018,0.001377032,Up,2018-04-24,1
25,4,2018,0.010866409,Up,2018-04-25,1
26,4,2018,0.028755169,Up,2018-04-26,1
27,4,2018,0.015490888,Up,2018-04-27,1
30,4,2018,-0.037853649,Down,2018-04-30,1
2,5,2018,0.005332932,Up,2018-05-02,1
3,5,2018,0.01596334,Up,2018-05-03,1
4,5,2018,0.002086703,Up,2018-05-04,1
7,5,2018,0.010665447,Up,2018-05-07,1
8,5,2018,-0.013464037,Down,2018-05-08,1
9,5,2018,-0.016847841,Down,2018-05-09,1
11,5,2018,-0.018817386,Down,2018-05-11,1
14,5,2018,0.008113554,Up,2018-05-14,1
15,5,2018,-0.006485363,Down,2018-05-15,1
16,5,2018,-0.011849219,Down,2018-05-16,1
18,5,2018,0.012113269,Up,2018-05-18,1
22,5,2018,-0.045487479,Down,2018-05-22,1
23,5,2018,0.005938131,Up,2018-05-23,1
24,5,2018,0.014090858,Up,2018-05-24,1
25,5,2018,-0.020304176,Down,2018-05-25,1
28,5,2018,0.015207681,Up,2018-05-28,1
29,5,2018,-0.009662526,Down,2018-05-29,1
30,5,2018,0.001876881,Up,2018-05-30,1
31,5,2018,-0.002351362,Down,2018-05-31,1
1,6,2018,-0.018572336,Down,2018-06-01,1
4,6,2018,0.018440245,Up,2018-06-04,1
5,6,2018,-0.010562595,Down,2018-06-05,1
6,6,2018,-0.011326622,Down,2018-06-06,1
7,6,2018,0.020499601,Up,2018-06-07,1
8,6,2018,0.026296793,Up,2018-06-08,1
11,6,2018,-0.003103476,Down,2018-06-11,1
12,6,2018,0.007890027,Up,2018-06-12,1
13,6,2018,0.012403645,Up,2018-06-13,1
14,6,2018,-0.008919036,Down,2018-06-14,1
15,6,2018,0.004646599,Up,2018-06-15,1
18,6,2018,-0.012773522,Down,2018-06-18,1
19,6,2018,0.002552234,Up,2018-06-19,1
20,6,2018,-0.015641264,Down,2018-06-20,1
21,6,2018,0.003746584,Up,2018-06-21,1
22,6,2018,0.00685084,Up,2018-06-22,1
25,6,2018,-0.01702418,Down,2018-06-25,1
26,6,2018,0.010512194,Up,2018-06-26,0
27,6,2018,-0.002525973,Down,2018-06-27,1
28,6,2018,-0.003294101,Down,2018-06-28,1
29,6,2018,-0.008530087,Down,2018-06-29,1
2,7,2018,0.00724846,Up,2018-07-02,1
3,7,2018,-0.003134942,Down,2018-07-03,1
4,7,2018,0.009043656,Up,2018-07-04,1
5,7,2018,0.000991314,Up,2018-07-05,1
6,7,2018,0.01565411,Up,2018-07-06,1
9,7,2018,0.007034532,Up,2018-07-09,1
10,7,2018,-0.001812941,Down,2018-07-10,1
11,7,2018,-0.004120133,Down,2018-07-11,1
12,7,2018,0.007794642,Up,2018-07-12,1
13,7,2018,0.002555161,Up,2018-07-13,1
16,7,2018,-0.006887757,Down,2018-07-16,1
17,7,2018,0.013628092,Up,2018-07-17,1
18,7,2018,0.001989513,Up,2018-07-18,1
19,7,2018,0.004966683,Up,2018-07-19,1
20,7,2018,0.009281393,Up,2018-07-20,0
23,7,2018,-0.002463827,Down,2018-07-23,1
24,7,2018,-0.00303017,Down,2018-07-24,1
25,7,2018,0.024521768,Up,2018-07-25,1
26,7,2018,-0.000896516,Down,2018-07-26,1
27,7,2018,0.003354252,Up,2018-07-27,1
30,7,2018,0.010123682,Up,2018-07-30,1
31,7,2018,0.040387632,Up,2018-07-31,1
1,8,2018,0.007948924,Up,2018-08-01,1
2,8,2018,0.026332945,Up,2018-08-02,1
3,8,2018,-0.044328961,Down,2018-08-03,1
6,8,2018,0.015021893,Up,2018-08-06,1
7,8,2018,-0.002132124,Down,2018-08-07,1
8,8,2018,0.021745958,Up,2018-08-08,1
9,8,2018,-0.006622615,Down,2018-08-09,1
10,8,2018,-0.038642824,Down,2018-08-10,1
13,8,2018,-0.01248805,Down,2018-08-13,1
14,8,2018,0.015339611,Up,2018-08-14,1
15,8,2018,-0.024070715,Down,2018-08-15,1
16,8,2018,0.022700959,Up,2018-08-16,1
17,8,2018,0.017664267,Up,2018-08-17,1
20,8,2018,0.008514417,Up,2018-08-20,1
21,8,2018,-0.025218799,Down,2018-08-21,1
22,8,2018,-0.012075861,Down,2018-08-22,1
23,8,2018,-0.005573952,Down,2018-08-23,1
24,8,2018,-0.008416643,Down,2018-08-24,1
27,8,2018,0.000134137,Up,2018-08-27,1
28,8,2018,0.001494342,Up,2018-08-28,1
29,8,2018,0.00493968,Up,2018-08-29,1
30,8,2018,0.005846297,Up,2018-08-30,1
31,8,2018,0.005636009,Up,2018-08-31,1
3,9,2018,0.00410756,Up,2018-09-03,1
4,9,2018,-0.000656726,Down,2018-09-04,1
5,9,2018,0.027127386,Up,2018-09-05,1
6,9,2018,-0.010834883,Down,2018-09-06,1
7,9,2018,-0.011859948,Down,2018-09-07,1
10,9,2018,0.014613524,Up,2018-09-10,1
11,9,2018,-0.002482099,Down,2018-09-11,1
12,9,2018,0.009234685,Up,2018-09-12,1
13,9,2018,-0.003454674,Down,2018-09-13,1
14,9,2018,0.017000748,Up,2018-09-14,1
17,9,2018,-0.003800834,Down,2018-09-17,1
18,9,2018,0.012555938,Up,2018-09-18,1
19,9,2018,-0.014698792,Down,2018-09-19,1
20,9,2018,0.010293891,Up,2018-09-20,1
21,9,2018,-0.015168883,Down,2018-09-21,1
24,9,2018,0.010849532,Up,2018-09-24,1
25,9,2018,0.006357169,Up,2018-09-25,1
26,9,2018,-0.009806832,Down,2018-09-26,1
27,9,2018,-0.001524957,Down,2018-09-27,1
28,9,2018,-0.005242043,Down,2018-09-28,1
1,10,2018,0.031451955,Up,2018-10-01,1
2,10,2018,0.037179819,Up,2018-10-02,1
3,10,2018,0.008423883,Up,2018-10-03,1
4,10,2018,-0.023519844,Down,2018-10-04,1
5,10,2018,-0.01173313,Down,2018-10-05,1
8,10,2018,0.002271484,Up,2018-10-08,1
9,10,2018,-0.014753299,Down,2018-10-09,1
10,10,2018,-0.008158768,Down,2018-10-10,1
11,10,2018,-0.009672859,Down,2018-10-11,0
12,10,2018,0.029504034,Up,2018-10-12,1
15,10,2018,0.003127085,Up,2018-10-15,1
16,10,2018,0.021979515,Up,2018-10-16,1
17,10,2018,-0.005563564,Down,2018-10-17,1
18,10,2018,-0.017132078,Down,2018-10-18,1
19,10,2018,0.025509909,Up,2018-10-19,1
22,10,2018,-0.020317012,Down,2018-10-22,1
23,10,2018,-0.010356753,Down,2018-10-23,1
24,10,2018,-0.021122463,Down,2018-10-24,1
25,10,2018,0.000817241,Up,2018-10-25,1
26,10,2018,-0.00922099,Down,2018-10-26,1
29,10,2018,0.023816598,Up,2018-10-29,1
30,10,2018,-0.015542865,Down,2018-10-30,1
31,10,2018,0.027807579,Up,2018-10-31,1
1,11,2018,0.000346663,Up,2018-11-01,1
2,11,2018,0.015724182,Up,2018-11-02,1
5,11,2018,0.012795899,Up,2018-11-05,1
6,11,2018,-0.03149496,Down,2018-11-06,1
7,11,2018,-0.002898746,Down,2018-11-07,1
8,11,2018,-0.002248338,Down,2018-11-08,1
9,11,2018,0.047268355,Up,2018-11-09,1
12,11,2018,-0.010146207,Down,2018-11-12,1
13,11,2018,-0.000119275,Down,2018-11-13,1
14,11,2018,-0.014584702,Down,2018-11-14,1
15,11,2018,-0.019183815,Down,2018-11-15,1
16,11,2018,-0.019786231,Down,2018-11-16,1
19,11,2018,0.013348766,Up,2018-11-19,1
20,11,2018,-0.025117795,Down,2018-11-20,1
21,11,2018,0.018742607,Up,2018-11-21,1
22,11,2018,-0.013480884,Down,2018-11-22,1
23,11,2018,-0.002272868,Down,2018-11-23,1
26,11,2018,-0.008864119,Down,2018-11-26,1
27,11,2018,0.009223102,Up,2018-11-27,1
28,11,2018,-0.002798604,Down,2018-11-28,1
29,11,2018,0.025468474,Up,2018-11-29,1
30,11,2018,0.002087628,Up,2018-11-30,1
3,12,2018,0.001703208,Up,2018-12-03,1
4,12,2018,0.012877738,Up,2018-12-04,1
5,12,2018,-0.012656012,Down,2018-12-05,1
6,12,2018,-0.026416195,Down,2018-12-06,1
7,12,2018,0.002669162,Up,2018-12-07,1
10,12,2018,-0.022584432,Down,2018-12-10,1
11,12,2018,0.006274855,Up,2018-12-11,1
12,12,2018,0.014218764,Up,2018-12-12,1
13,12,2018,-0.007282724,Down,2018-12-13,1
14,12,2018,-0.035910605,Down,2018-12-14,1
17,12,2018,0.008428942,Up,2018-12-17,1
18,12,2018,0.008659814,Up,2018-12-18,0
19,12,2018,0.054210357,Up,2018-12-19,1
20,12,2018,-0.044145826,Down,2018-12-20,0
21,12,2018,0.007217575,Up,2018-12-21,0
27,12,2018,-0.054601551,Down,2018-12-27,1
28,12,2018,-0.000449611,Down,2018-12-28,1
2,1,2019,0.012545105,Up,2019-01-02,0
3,1,2019,-0.01618235,Down,2019-01-03,1
4,1,2019,0.021163607,Up,2019-01-04,0
7,1,2019,-0.036485292,Down,2019-01-07,0
8,1,2019,-0.00217541,Down,2019-01-08,1
9,1,2019,0.026704621,Up,2019-01-09,1
10,1,2019,0.020031197,Up,2019-01-10,1
11,1,2019,-0.002340976,Down,2019-01-11,0
14,1,2019,-0.000568427,Down,2019-01-14,1
15,1,2019,-0.000143715,Down,2019-01-15,1
16,1,2019,-0.002615934,Down,2019-01-16,1
17,1,2019,-0.009712399,Down,2019-01-17,1
18,1,2019,0.024334258,Up,2019-01-18,1
21,1,2019,0.014078412,Up,2019-01-21,1
22,1,2019,-0.010328748,Down,2019-01-22,0
23,1,2019,-0.006788619,Down,2019-01-23,1
24,1,2019,-0.00555933,Down,2019-01-24,1
25,1,2019,-0.008529752,Down,2019-01-25,1
28,1,2019,-0.015446945,Down,2019-01-28,1
29,1,2019,0.024120602,Up,2019-01-29,1
30,1,2019,0.011575471,Up,2019-01-30,1
31,1,2019,-0.006394283,Down,2019-01-31,0
1,2,2019,-0.012038695,Down,2019-02-01,0
4,2,2019,-0.005479734,Down,2019-02-04,1
5,2,2019,0.018210117,Up,2019-02-05,1
6,2,2019,0.001693801,Up,2019-02-06,1
7,2,2019,0.026855911,Up,2019-02-07,1
8,2,2019,-0.027484913,Down,2019-02-08,1
11,2,2019,0.014362394,Up,2019-02-11,1
12,2,2019,-0.019438744,Down,2019-02-12,1
13,2,2019,0.025340299,Up,2019-02-13,1
14,2,2019,-0.003549228,Down,2019-02-14,1
15,2,2019,0.013063899,Up,2019-02-15,1
18,2,2019,0.015262777,Up,2019-02-18,0
19,2,2019,-0.034051944,Down,2019-02-19,1
20,2,2019,-0.020224129,Down,2019-02-20,1
21,2,2019,0.001676593,Up,2019-02-21,1
22,2,2019,0.002337994,Up,2019-02-22,1
25,2,2019,0.031552253,Up,2019-02-25,1
26,2,2019,-0.010225467,Down,2019-02-26,1
27,2,2019,-0.013000254,Down,2019-02-27,1
28,2,2019,-0.019601778,Down,2019-02-28,0
1,3,2019,0.015249329,Up,2019-03-01,1
4,3,2019,0.018997736,Up,2019-03-04,1
5,3,2019,0.019276689,Up,2019-03-05,1
6,3,2019,0.015112621,Up,2019-03-06,1
7,3,2019,-0.012534036,Down,2019-03-07,1
8,3,2019,0.018519097,Up,2019-03-08,1
11,3,2019,-0.007869028,Down,2019-03-11,1
12,3,2019,-0.006279814,Down,2019-03-12,1
13,3,2019,0.000479513,Up,2019-03-13,1
14,3,2019,0.006661463,Up,2019-03-14,1
15,3,2019,-0.054451089,Down,2019-03-15,1
18,3,2019,-0.011283401,Down,2019-03-18,1
19,3,2019,0.004659616,Up,2019-03-19,1
20,3,2019,-0.013600133,Down,2019-03-20,1
21,3,2019,0.006471084,Up,2019-03-21,1
22,3,2019,-0.004341338,Down,2019-03-22,1
25,3,2019,-0.007498314,Down,2019-03-25,0
26,3,2019,-0.00957308,Down,2019-03-26,0
27,3,2019,-0.002647164,Down,2019-03-27,1
28,3,2019,0.028130157,Up,2019-03-28,0
29,3,2019,-0.02159097,Down,2019-03-29,1
1,4,2019,0.000189272,Up,2019-04-01,1
2,4,2019,0.001935021,Up,2019-04-02,0
3,4,2019,-0.008674994,Down,2019-04-03,1
4,4,2019,0.02096128,Up,2019-04-04,0
5,4,2019,-0.012465656,Down,2019-04-05,1
8,4,2019,-0.002562574,Down,2019-04-08,1
9,4,2019,-0.004798176,Down,2019-04-09,0
10,4,2019,-0.000973242,Down,2019-04-10,1
11,4,2019,0.001205398,Up,2019-04-11,1
12,4,2019,-0.00576473,Down,2019-04-12,1
15,4,2019,0.023688971,Up,2019-04-15,0
16,4,2019,-0.005413788,Down,2019-04-16,1
17,4,2019,-0.012486055,Down,2019-04-17,0
23,4,2019,-0.007331322,Down,2019-04-23,1
24,4,2019,0.017130468,Up,2019-04-24,1
25,4,2019,-0.026549788,Down,2019-04-25,1
26,4,2019,-0.008768068,Down,2019-04-26,1
29,4,2019,0.014796039,Up,2019-04-29,1
30,4,2019,0.002045405,Up,2019-04-30,1
2,5,2019,-0.003341325,Down,2019-05-02,1
3,5,2019,0.017471697,Up,2019-05-03,1
6,5,2019,-0.018595251,Down,2019-05-06,1
7,5,2019,0.00523134,Up,2019-05-07,1
8,5,2019,0.002822725,Up,2019-05-08,1
9,5,2019,-0.011427402,Down,2019-05-09,1
10,5,2019,0.031576006,Up,2019-05-10,1
13,5,2019,-0.007953787,Down,2019-05-13,0
14,5,2019,-0.006524847,Down,2019-05-14,1
15,5,2019,0.024051984,Up,2019-05-15,1
16,5,2019,0.009775365,Up,2019-05-16,1
20,5,2019,0.003944296,Up,2019-05-20,1
21,5,2019,0.000738779,Up,2019-05-21,1
22,5,2019,-0.012960527,Down,2019-05-22,1
23,5,2019,0.03101095,Up,2019-05-23,1
24,5,2019,0.019277186,Up,2019-05-24,1
27,5,2019,0.027631454,Up,2019-05-27,0
28,5,2019,-0.012425579,Down,2019-05-28,1
29,5,2019,-0.033091771,Down,2019-05-29,1
31,5,2019,-0.011825826,Down,2019-05-31,1
3,6,2019,0.024513872,Up,2019-06-03,1
4,6,2019,-0.026591495,Down,2019-06-04,1
5,6,2019,-0.00801202,Down,2019-06-05,1
6,6,2019,-0.001009938,Down,2019-06-06,0
7,6,2019,-0.004162989,Down,2019-06-07,1
11,6,2019,0.012355808,Up,2019-06-11,1
12,6,2019,-0.015559072,Down,2019-06-12,1
13,6,2019,-0.021246247,Down,2019-06-13,0
14,6,2019,0.014117925,Up,2019-06-14,1
17,6,2019,-0.011796429,Down,2019-06-17,1
18,6,2019,0.007505596,Up,2019-06-18,1
19,6,2019,0.003414614,Up,2019-06-19,1
20,6,2019,-0.00980158,Down,2019-06-20,0
21,6,2019,0.00074797,Up,2019-06-21,1
24,6,2019,0.004350802,Up,2019-06-24,0
25,6,2019,-0.001631446,Down,2019-06-25,1
26,6,2019,0.013727402,Up,2019-06-26,1
27,6,2019,0.003087237,Up,2019-06-27,0
28,6,2019,-0.008389049,Down,2019-06-28,1
1,7,2019,0.006130323,Up,2019-07-01,1
2,7,2019,0.034718744,Up,2019-07-02,1
3,7,2019,0.022961126,Up,2019-07-03,1
4,7,2019,0.028647638,Up,2019-07-04,1
5,7,2019,0.011091038,Up,2019-07-05,1
8,7,2019,0.005728591,Up,2019-07-08,1
9,7,2019,0.001315316,Up,2019-07-09,1
10,7,2019,-0.011472126,Down,2019-07-10,1
11,7,2019,-0.000923719,Down,2019-07-11,1
12,7,2019,0.008379432,Up,2019-07-12,1
15,7,2019,0.015428437,Up,2019-07-15,1
16,7,2019,-0.011196985,Down,2019-07-16,0
17,7,2019,-0.002539432,Down,2019-07-17,1
18,7,2019,0.001631211,Up,2019-07-18,0
19,7,2019,0.000277349,Up,2019-07-19,1
22,7,2019,0.002417861,Up,2019-07-22,1
23,7,2019,1.46e-05,Up,2019-07-23,0
24,7,2019,-0.000911184,Down,2019-07-24,0
25,7,2019,-0.002891353,Down,2019-07-25,1
26,7,2019,-0.017470479,Down,2019-07-26,1
29,7,2019,-0.00514677,Down,2019-07-29,1
30,7,2019,-0.018228152,Down,2019-07-30,1
31,7,2019,0.005981166,Up,2019-07-31,1
1,8,2019,0.006778452,Up,2019-08-01,0
2,8,2019,-0.001407458,Down,2019-08-02,1
5,8,2019,-0.025174128,Down,2019-08-05,0
6,8,2019,0.014253327,Up,2019-08-06,1
7,8,2019,0.001513782,Up,2019-08-07,1
8,8,2019,0.025649671,Up,2019-08-08,0
9,8,2019,-0.00634853,Down,2019-08-09,1
12,8,2019,0.0008354,Up,2019-08-12,1
13,8,2019,0.03779828,Up,2019-08-13,1
14,8,2019,-0.009483312,Down,2019-08-14,1
15,8,2019,-0.01112036,Down,2019-08-15,1
16,8,2019,0.026573895,Up,2019-08-16,1
19,8,2019,-0.015919452,Down,2019-08-19,1
20,8,2019,0.016859849,Up,2019-08-20,1
21,8,2019,-0.016850906,Down,2019-08-21,1
22,8,2019,-0.006368632,Down,2019-08-22,1
23,8,2019,0.011177457,Up,2019-08-23,1
26,8,2019,-0.0059109,Down,2019-08-26,1
27,8,2019,0.003637419,Up,2019-08-27,1
28,8,2019,-0.010318194,Down,2019-08-28,1
29,8,2019,0.015763326,Up,2019-08-29,1
30,8,2019,-0.019867757,Down,2019-08-30,1
2,9,2019,-0.002017191,Down,2019-09-02,1
3,9,2019,-0.010576544,Down,2019-09-03,1
4,9,2019,0.004712398,Up,2019-09-04,1
5,9,2019,0.009468239,Up,2019-09-05,1
6,9,2019,-0.012178039,Down,2019-09-06,1
9,9,2019,-0.036226434,Down,2019-09-09,1
10,9,2019,-0.019986296,Down,2019-09-10,1
11,9,2019,0.020497422,Up,2019-09-11,1
12,9,2019,-0.008821354,Down,2019-09-12,0
13,9,2019,-0.010849611,Down,2019-09-13,1
16,9,2019,0.01305441,Up,2019-09-16,1
17,9,2019,0.010322038,Up,2019-09-17,0
18,9,2019,-0.016780564,Down,2019-09-18,1
19,9,2019,-0.005641402,Down,2019-09-19,1
20,9,2019,0.020866705,Up,2019-09-20,1
23,9,2019,0.012389002,Up,2019-09-23,1
24,9,2019,-0.005811411,Down,2019-09-24,0
25,9,2019,-0.00437091,Down,2019-09-25,1
26,9,2019,-0.002168933,Down,2019-09-26,1
27,9,2019,0.007649947,Up,2019-09-27,1
30,9,2019,0.0029456,Up,2019-09-30,0
1,10,2019,-0.01086376,Down,2019-10-01,0
2,10,2019,-0.007236212,Down,2019-10-02,1
3,10,2019,0.004551937,Up,2019-10-03,1
4,10,2019,0.025922013,Up,2019-10-04,0
7,10,2019,0.03123726,Up,2019-10-07,1
8,10,2019,-0.011415448,Down,2019-10-08,0
9,10,2019,-0.009042457,Down,2019-10-09,1
10,10,2019,0.000640105,Up,2019-10-10,1
11,10,2019,-0.000833706,Down,2019-10-11,1
14,10,2019,-0.00184854,Down,2019-10-14,1
15,10,2019,0.0114387,Up,2019-10-15,1
16,10,2019,0.031452238,Up,2019-10-16,1
17,10,2019,0.019422759,Up,2019-10-17,1
18,10,2019,0.006372742,Up,2019-10-18,1
21,10,2019,0.009069539,Up,2019-10-21,0
22,10,2019,-0.013411454,Down,2019-10-22,1
23,10,2019,-0.005499761,Down,2019-10-23,1
24,10,2019,0.010927694,Up,2019-10-24,1
25,10,2019,-0.014366351,Down,2019-10-25,1
28,10,2019,0.014310687,Up,2019-10-28,1
29,10,2019,-0.006170102,Down,2019-10-29,1
30,10,2019,0.003940974,Up,2019-10-30,1
31,10,2019,-0.022568909,Down,2019-10-31,1
1,11,2019,-0.002871574,Down,2019-11-01,1
4,11,2019,-0.014758714,Down,2019-11-04,1
5,11,2019,0.024922068,Up,2019-11-05,1
6,11,2019,0.026276844,Up,2019-11-06,1
7,11,2019,0.016622018,Up,2019-11-07,1
8,11,2019,0.023200719,Up,2019-11-08,1
11,11,2019,0.003387905,Up,2019-11-11,1
12,11,2019,-0.01237628,Down,2019-11-12,1
13,11,2019,-0.021811868,Down,2019-11-13,1
14,11,2019,0.003888693,Up,2019-11-14,1
15,11,2019,-0.035710159,Down,2019-11-15,1
18,11,2019,0.010026343,Up,2019-11-18,1
19,11,2019,-0.020767463,Down,2019-11-19,1
20,11,2019,0.001511005,Up,2019-11-20,1
21,11,2019,-0.003924792,Down,2019-11-21,1
22,11,2019,0.002599222,Up,2019-11-22,1
25,11,2019,0.028306761,Up,2019-11-25,1
26,11,2019,0.008545704,Up,2019-11-26,1
27,11,2019,-0.00341504,Down,2019-11-27,1
28,11,2019,-0.001297465,Down,2019-11-28,1
29,11,2019,0.024934458,Up,2019-11-29,1
2,12,2019,-0.012403155,Down,2019-12-02,1
3,12,2019,0.003281794,Up,2019-12-03,1
4,12,2019,0.012013577,Up,2019-12-04,1
5,12,2019,0.011671829,Up,2019-12-05,1
6,12,2019,0.007592027,Up,2019-12-06,1
9,12,2019,0.008619669,Up,2019-12-09,1
10,12,2019,-0.003834908,Down,2019-12-10,1
11,12,2019,-0.012828303,Down,2019-12-11,1
12,12,2019,-0.002873221,Down,2019-12-12,1
13,12,2019,0.006704618,Up,2019-12-13,1
16,12,2019,0.008209783,Up,2019-12-16,1
17,12,2019,-0.027704151,Down,2019-12-17,0
18,12,2019,0.017560618,Up,2019-12-18,1
19,12,2019,0.005605514,Up,2019-12-19,0
20,12,2019,0.012550767,Up,2019-12-20,1
23,12,2019,0.004118574,Up,2019-12-23,1
27,12,2019,0.001761773,Up,2019-12-27,1
30,12,2019,-0.012476719,Down,2019-12-30,1
2,1,2020,0.013886491,Up,2020-01-02,1
3,1,2020,0.005259371,Up,2020-01-03,1
6,1,2020,-0.012484395,Down,2020-01-06,1
7,1,2020,-0.00423992,Down,2020-01-07,1
8,1,2020,0.011180564,Up,2020-01-08,1
9,1,2020,0.008932193,Up,2020-01-09,1
10,1,2020,0.001114135,Up,2020-01-10,1
13,1,2020,0.015418528,Up,2020-01-13,1
14,1,2020,0.003346841,Up,2020-01-14,1
15,1,2020,0.006248416,Up,2020-01-15,1
16,1,2020,-0.02561552,Down,2020-01-16,1
17,1,2020,0.005338932,Up,2020-01-17,1
20,1,2020,0.003014483,Up,2020-01-20,1
21,1,2020,0.004877657,Up,2020-01-21,1
22,1,2020,-0.004052485,Down,2020-01-22,1
23,1,2020,-0.011935829,Down,2020-01-23,1
24,1,2020,0.025009229,Up,2020-01-24,1
27,1,2020,-0.015703626,Down,2020-01-27,1
28,1,2020,0.005215582,Up,2020-01-28,1
29,1,2020,-0.015471951,Down,2020-01-29,1
30,1,2020,-0.017244042,Down,2020-01-30,1
31,1,2020,-0.000104629,Down,2020-01-31,1
3,2,2020,-0.000156963,Down,2020-02-03,1
4,2,2020,0.00139872,Up,2020-02-04,1
5,2,2020,0.01195924,Up,2020-02-05,1
6,2,2020,0.010349879,Up,2020-02-06,1
7,2,2020,-0.018944528,Down,2020-02-07,1
10,2,2020,0.006734207,Up,2020-02-10,1
11,2,2020,-0.001928691,Down,2020-02-11,1
12,2,2020,-0.005821525,Down,2020-02-12,1
13,2,2020,0.001146192,Up,2020-02-13,1
14,2,2020,0.011943492,Up,2020-02-14,1
17,2,2020,0.005503012,Up,2020-02-17,1
18,2,2020,0.012167905,Up,2020-02-18,1
19,2,2020,0.027656816,Up,2020-02-19,1
20,2,2020,-0.009969877,Down,2020-02-20,1
21,2,2020,0.008678292,Up,2020-02-21,1
24,2,2020,-0.041877514,Down,2020-02-24,1
25,2,2020,-0.014323448,Down,2020-02-25,1
26,2,2020,-0.021491487,Down,2020-02-26,1
27,2,2020,-0.061052078,Down,2020-02-27,1
28,2,2020,-0.019411431,Down,2020-02-28,1
2,3,2020,-0.023205977,Down,2020-03-02,1
3,3,2020,0.016261354,Up,2020-03-03,1
4,3,2020,0.018769158,Up,2020-03-04,1
5,3,2020,-0.016007236,Down,2020-03-05,1
6,3,2020,-0.032213512,Down,2020-03-06,1
9,3,2020,-0.010786213,Down,2020-03-09,1
10,3,2020,0.013250298,Up,2020-03-10,1
11,3,2020,-0.037211829,Down,2020-03-11,1
12,3,2020,-0.123069216,Down,2020-03-12,1
13,3,2020,0.073001831,Up,2020-03-13,1
16,3,2020,-0.009008407,Down,2020-03-16,1
17,3,2020,0.001312982,Up,2020-03-17,1
18,3,2020,0.03003481,Up,2020-03-18,1
19,3,2020,0.051326718,Up,2020-03-19,1
20,3,2020,-0.052521147,Down,2020-03-20,1
23,3,2020,-0.012676819,Down,2020-03-23,1
24,3,2020,0.002313202,Up,2020-03-24,1
25,3,2020,-0.059396147,Down,2020-03-25,1
26,3,2020,0.00935373,Up,2020-03-26,1
27,3,2020,-0.070338303,Down,2020-03-27,1
30,3,2020,0.009102517,Up,2020-03-30,1
31,3,2020,0.03289054,Up,2020-03-31,1
1,4,2020,0.076985872,Up,2020-04-01,1
2,4,2020,-0.043364728,Down,2020-04-02,1
3,4,2020,-0.016134379,Down,2020-04-03,1
6,4,2020,0.028991693,Up,2020-04-06,1
7,4,2020,0.03659975,Up,2020-04-07,1
8,4,2020,-0.02359384,Down,2020-04-08,0
14,4,2020,0.052974163,Up,2020-04-14,1
15,4,2020,-0.001471682,Down,2020-04-15,1
16,4,2020,-0.0058301,Down,2020-04-16,1
17,4,2020,0.014535185,Up,2020-04-17,1
20,4,2020,-0.04747394,Down,2020-04-20,1
21,4,2020,0.001408485,Up,2020-04-21,1
22,4,2020,0.00558201,Up,2020-04-22,1
23,4,2020,0.018505912,Up,2020-04-23,1
24,4,2020,-0.035109087,Down,2020-04-24,1
27,4,2020,0.002785051,Up,2020-04-27,1
28,4,2020,0.020784057,Up,2020-04-28,1
29,4,2020,-0.018918088,Down,2020-04-29,1
30,4,2020,0.007000893,Up,2020-04-30,1
4,5,2020,-0.002800964,Down,2020-05-04,1
5,5,2020,0.01017055,Up,2020-05-05,1
6,5,2020,0.018059774,Up,2020-05-06,1
7,5,2020,0.005227157,Up,2020-05-07,1
8,5,2020,0.03720504,Up,2020-05-08,1
11,5,2020,-0.003799092,Down,2020-05-11,1
12,5,2020,0.003625345,Up,2020-05-12,1
13,5,2020,0.013015075,Up,2020-05-13,1
14,5,2020,-0.017854325,Down,2020-05-14,1
15,5,2020,0.000849889,Up,2020-05-15,1
18,5,2020,0.002106428,Up,2020-05-18,1
19,5,2020,0.051167639,Up,2020-05-19,1
20,5,2020,0.026590083,Up,2020-05-20,1
22,5,2020,-0.035373474,Down,2020-05-22,1
25,5,2020,0.020380584,Up,2020-05-25,1
26,5,2020,-0.000348384,Down,2020-05-26,1
27,5,2020,-0.018567763,Down,2020-05-27,1
28,5,2020,0.003009131,Up,2020-05-28,1
29,5,2020,-0.003871584,Down,2020-05-29,1
2,6,2020,0.035548505,Up,2020-06-02,1
3,6,2020,0.000629569,Up,2020-06-03,1
4,6,2020,0.005662261,Up,2020-06-04,1
5,6,2020,-0.00765025,Down,2020-06-05,1
8,6,2020,0.000882483,Up,2020-06-08,1
9,6,2020,0.013089356,Up,2020-06-09,1
10,6,2020,0.00163626,Up,2020-06-10,1
11,6,2020,-0.018428857,Down,2020-06-11,1
12,6,2020,-0.007270913,Down,2020-06-12,1
15,6,2020,-0.041785951,Down,2020-06-15,1
16,6,2020,-0.022456754,Down,2020-06-16,1
17,6,2020,0.03006605,Up,2020-06-17,1
18,6,2020,-0.013152264,Down,2020-06-18,1
19,6,2020,0.00855685,Up,2020-06-19,1
22,6,2020,-0.022222889,Down,2020-06-22,1
23,6,2020,0.010901594,Up,2020-06-23,1
24,6,2020,-0.012362152,Down,2020-06-24,1
25,6,2020,0.010060055,Up,2020-06-25,1
26,6,2020,0.018870436,Up,2020-06-26,1
29,6,2020,0.014388215,Up,2020-06-29,1
30,6,2020,0.012482641,Up,2020-06-30,1
1,7,2020,-0.001818591,Down,2020-07-01,1
2,7,2020,-0.014857383,Down,2020-07-02,1
3,7,2020,0.003984083,Up,2020-07-03,1
6,7,2020,-0.002275708,Down,2020-07-06,1
7,7,2020,-0.009395881,Down,2020-07-07,1
8,7,2020,-0.00487431,Down,2020-07-08,1
9,7,2020,-0.038927877,Down,2020-07-09,1
10,7,2020,-0.004533595,Down,2020-07-10,1
13,7,2020,0.000497941,Up,2020-07-13,1
14,7,2020,-0.012445975,Down,2020-07-14,1
15,7,2020,0.029885122,Up,2020-07-15,1
16,7,2020,-0.015029553,Down,2020-07-16,1
17,7,2020,0.000397216,Up,2020-07-17,1
20,7,2020,0.006978958,Up,2020-07-20,1
21,7,2020,-0.007666548,Down,2020-07-21,1
22,7,2020,-0.011359916,Down,2020-07-22,1
23,7,2020,0.002563015,Up,2020-07-23,1
24,7,2020,-0.006342303,Down,2020-07-24,1
27,7,2020,-0.007539153,Down,2020-07-27,1
28,7,2020,0.02302985,Up,2020-07-28,1
29,7,2020,0.00064154,Up,2020-07-29,1
30,7,2020,-0.024210965,Down,2020-07-30,1
31,7,2020,0.010287628,Up,2020-07-31,1
3,8,2020,0.03151133,Up,2020-08-03,1
4,8,2020,0.00449846,Up,2020-08-04,1
5,8,2020,-0.013057047,Down,2020-08-05,1
6,8,2020,-0.004466511,Down,2020-08-06,1
7,8,2020,0.009583348,Up,2020-08-07,1
10,8,2020,-0.001604683,Down,2020-08-10,1
11,8,2020,0.022750616,Up,2020-08-11,1
12,8,2020,0.018286691,Up,2020-08-12,1
13,8,2020,-0.001499104,Down,2020-08-13,1
14,8,2020,-0.005020591,Down,2020-08-14,1
17,8,2020,0.005477078,Up,2020-08-17,1
18,8,2020,-0.018195279,Down,2020-08-18,1
19,8,2020,0.00051627,Up,2020-08-19,1
20,8,2020,-0.008656845,Down,2020-08-20,1
21,8,2020,-0.017292059,Down,2020-08-21,1
24,8,2020,0.022396004,Up,2020-08-24,1
25,8,2020,0.008121318,Up,2020-08-25,1
26,8,2020,-0.023835144,Down,2020-08-26,1
27,8,2020,0.012667946,Up,2020-08-27,1
28,8,2020,-0.007629359,Down,2020-08-28,1
31,8,2020,-0.001422028,Down,2020-08-31,1
1,9,2020,-0.000441989,Down,2020-09-01,1
2,9,2020,-0.005417095,Down,2020-09-02,1
3,9,2020,0.001716209,Up,2020-09-03,1
4,9,2020,0.007604599,Up,2020-09-04,1
7,9,2020,0.018231068,Up,2020-09-07,1
8,9,2020,0.001186587,Up,2020-09-08,1
9,9,2020,0.014238556,Up,2020-09-09,1
10,9,2020,-0.009404242,Down,2020-09-10,1
11,9,2020,0.015153886,Up,2020-09-11,1
14,9,2020,0.005060185,Up,2020-09-14,1
15,9,2020,0.012691129,Up,2020-09-15,1
16,9,2020,0.001978853,Up,2020-09-16,1
17,9,2020,-0.005997887,Down,2020-09-17,1
18,9,2020,-0.004525697,Down,2020-09-18,1
21,9,2020,-0.025198592,Down,2020-09-21,1
22,9,2020,-0.002949941,Down,2020-09-22,1
23,9,2020,0.001271586,Up,2020-09-23,1
24,9,2020,0.000408902,Up,2020-09-24,1
25,9,2020,-0.007687526,Down,2020-09-25,1
28,9,2020,0.014294357,Up,2020-09-28,1
29,9,2020,0.007989005,Up,2020-09-29,1
30,9,2020,0.032148141,Up,2020-09-30,1
1,10,2020,0.005793614,Up,2020-10-01,0
2,10,2020,0.012103585,Up,2020-10-02,1
5,10,2020,-0.000835239,Down,2020-10-05,1
6,10,2020,0.011738647,Up,2020-10-06,1
7,10,2020,-0.012293576,Down,2020-10-07,1
8,10,2020,0.026749036,Up,2020-10-08,1
9,10,2020,0.000280185,Up,2020-10-09,1
12,10,2020,0.000886735,Up,2020-10-12,1
13,10,2020,-0.006948211,Down,2020-10-13,1
14,10,2020,-0.009087172,Down,2020-10-14,1
15,10,2020,-0.028673288,Down,2020-10-15,1
16,10,2020,0.000870737,Up,2020-10-16,1
19,10,2020,0.000160133,Up,2020-10-19,1
20,10,2020,-0.005269985,Down,2020-10-20,1
21,10,2020,-0.029502885,Down,2020-10-21,1
22,10,2020,-0.016607633,Down,2020-10-22,1
23,10,2020,0.000542184,Up,2020-10-23,1
26,10,2020,-0.034229455,Down,2020-10-26,1
27,10,2020,0.00372237,Up,2020-10-27,1
28,10,2020,-0.033058197,Down,2020-10-28,1
29,10,2020,0.00806177,Up,2020-10-29,1
30,10,2020,-0.001604061,Down,2020-10-30,1
2,11,2020,-0.008567431,Down,2020-11-02,1
3,11,2020,-0.003879422,Down,2020-11-03,1
4,11,2020,0.02499345,Up,2020-11-04,1
5,11,2020,0.004569393,Up,2020-11-05,1
6,11,2020,0.034099748,Up,2020-11-06,1
9,11,2020,0.055908329,Up,2020-11-09,1
10,11,2020,-0.018600903,Down,2020-11-10,1
11,11,2020,0.019673319,Up,2020-11-11,1
12,11,2020,0.007398889,Up,2020-11-12,1
13,11,2020,-0.016579391,Down,2020-11-13,1
16,11,2020,0.036247222,Up,2020-11-16,1
17,11,2020,-0.018852936,Down,2020-11-17,1
18,11,2020,-0.013237587,Down,2020-11-18,1
19,11,2020,-0.036928961,Down,2020-11-19,1
20,11,2020,-0.01166641,Down,2020-11-20,1
23,11,2020,-0.003936448,Down,2020-11-23,1
24,11,2020,0.002143055,Up,2020-11-24,1
25,11,2020,-0.008369919,Down,2020-11-25,1
26,11,2020,0.020006249,Up,2020-11-26,1
27,11,2020,0.023960943,Up,2020-11-27,1
30,11,2020,-0.037570778,Down,2020-11-30,1
1,12,2020,0.025658479,Up,2020-12-01,0
2,12,2020,-0.025002666,Down,2020-12-02,1
3,12,2020,-0.001562869,Down,2020-12-03,1
4,12,2020,0.00256418,Up,2020-12-04,1
7,12,2020,-0.0167036,Down,2020-12-07,1
8,12,2020,-0.005770928,Down,2020-12-08,1
9,12,2020,-0.004246227,Down,2020-12-09,1
10,12,2020,0.002785086,Up,2020-12-10,1
11,12,2020,-0.009473719,Down,2020-12-11,1
14,12,2020,0.000791013,Up,2020-12-14,1
15,12,2020,0.004952401,Up,2020-12-15,1
16,12,2020,0.009824334,Up,2020-12-16,1
17,12,2020,0.012817635,Up,2020-12-17,1
18,12,2020,0.017994204,Up,2020-12-18,1
21,12,2020,-0.01283039,Down,2020-12-21,1
22,12,2020,0.003415567,Up,2020-12-22,1
23,12,2020,0.030496531,Up,2020-12-23,1
28,12,2020,0.006352604,Up,2020-12-28,1
29,12,2020,0.023517513,Up,2020-12-29,1
30,12,2020,0.002798786,Up,2020-12-30,1
4,1,2021,-0.018270614,Down,2021-01-04,1
5,1,2021,0.00928123,Up,2021-01-05,1
6,1,2021,0.002518255,Up,2021-01-06,1
7,1,2021,0.006230162,Up,2021-01-07,1
8,1,2021,0.016647704,Up,2021-01-08,1
11,1,2021,-0.015072148,Down,2021-01-11,1
12,1,2021,0.002314109,Up,2021-01-12,1
13,1,2021,-0.027981003,Down,2021-01-13,1
14,1,2021,-0.015868609,Down,2021-01-14,1
15,1,2021,0.002512213,Up,2021-01-15,1
18,1,2021,0.003489434,Up,2021-01-18,1
19,1,2021,0.026549579,Up,2021-01-19,1
20,1,2021,-0.0179813,Down,2021-01-20,1
21,1,2021,0.030205202,Up,2021-01-21,1
22,1,2021,-0.01011734,Down,2021-01-22,1
25,1,2021,-0.018471823,Down,2021-01-25,1
26,1,2021,-0.008369494,Down,2021-01-26,1
27,1,2021,0.021970096,Up,2021-01-27,1
28,1,2021,0.008498782,Up,2021-01-28,1
29,1,2021,0.00190868,Up,2021-01-29,1
1,2,2021,0.020812441,Up,2021-02-01,1
2,2,2021,0.010095845,Up,2021-02-02,1
3,2,2021,0.007845003,Up,2021-02-03,1
4,2,2021,-0.008759821,Down,2021-02-04,1
5,2,2021,0.005051088,Up,2021-02-05,1
8,2,2021,-0.007432201,Down,2021-02-08,1
9,2,2021,-0.012025246,Down,2021-02-09,1
10,2,2021,0.008966976,Up,2021-02-10,1
11,2,2021,0.009632653,Up,2021-02-11,1
12,2,2021,0.006822209,Up,2021-02-12,1
15,2,2021,-0.012887788,Down,2021-02-15,1
16,2,2021,0.012901002,Up,2021-02-16,1
17,2,2021,-0.00173261,Down,2021-02-17,1
18,2,2021,-0.001390904,Down,2021-02-18,1
19,2,2021,0.035363715,Up,2021-02-19,1
22,2,2021,0.026957784,Up,2021-02-22,1
23,2,2021,-0.003799759,Down,2021-02-23,1
24,2,2021,-0.02253125,Down,2021-02-24,1
25,2,2021,0.01971424,Up,2021-02-25,1
26,2,2021,-0.029964479,Down,2021-02-26,1
1,3,2021,0.024880079,Up,2021-03-01,1
2,3,2021,0.006925744,Up,2021-03-02,1
3,3,2021,0.002118983,Up,2021-03-03,1
4,3,2021,0.001528628,Up,2021-03-04,1
5,3,2021,0.015060861,Up,2021-03-05,1
8,3,2021,0.033961735,Up,2021-03-08,1
9,3,2021,-0.016296528,Down,2021-03-09,1
10,3,2021,-0.004650791,Down,2021-03-10,1
11,3,2021,-0.017427477,Down,2021-03-11,1
12,3,2021,-0.009775346,Down,2021-03-12,1
15,3,2021,0.01188275,Up,2021-03-15,1
16,3,2021,-0.00179286,Down,2021-03-16,1
17,3,2021,-0.00148107,Down,2021-03-17,1
18,3,2021,-0.007898955,Down,2021-03-18,1
19,3,2021,-0.014464429,Down,2021-03-19,1
22,3,2021,-0.003935892,Down,2021-03-22,1
23,3,2021,-0.005454802,Down,2021-03-23,1
24,3,2021,0.006880346,Up,2021-03-24,1
25,3,2021,-0.012256101,Down,2021-03-25,1
26,3,2021,0.01563128,Up,2021-03-26,1
29,3,2021,0.016856019,Up,2021-03-29,1
30,3,2021,0.010320378,Up,2021-03-30,1
31,3,2021,0.00549923,Up,2021-03-31,1
6,4,2021,-0.004339304,Down,2021-04-06,1
7,4,2021,-0.001946249,Down,2021-04-07,1
8,4,2021,-0.002325726,Down,2021-04-08,1
9,4,2021,0.00405114,Up,2021-04-09,1
12,4,2021,-0.022145246,Down,2021-04-12,1
13,4,2021,0.01426149,Up,2021-04-13,1
14,4,2021,-0.026282269,Down,2021-04-14,1
15,4,2021,-0.01427696,Down,2021-04-15,1
16,4,2021,0.010569095,Up,2021-04-16,1
19,4,2021,0.001038061,Up,2021-04-19,1
20,4,2021,-0.000827815,Down,2021-04-20,1
21,4,2021,-0.006127991,Down,2021-04-21,1
22,4,2021,0.012319961,Up,2021-04-22,1
23,4,2021,0.002459777,Up,2021-04-23,1
26,4,2021,0.019333308,Up,2021-04-26,1
27,4,2021,0.003882684,Up,2021-04-27,1
28,4,2021,0.017081674,Up,2021-04-28,1
29,4,2021,-0.021683193,Down,2021-04-29,1
30,4,2021,-0.006187196,Down,2021-04-30,1
3,5,2021,0.016259414,Up,2021-05-03,1
4,5,2021,0.034234529,Up,2021-05-04,1
5,5,2021,0.00696175,Up,2021-05-05,1
6,5,2021,0.001882797,Up,2021-05-06,1
7,5,2021,0.012912976,Up,2021-05-07,1
10,5,2021,-0.009732054,Down,2021-05-10,1
11,5,2021,-0.011450383,Down,2021-05-11,1
12,5,2021,-0.022361865,Down,2021-05-12,1
14,5,2021,-0.018146788,Down,2021-05-14,1
18,5,2021,0.01038283,Up,2021-05-18,1
19,5,2021,0.006575286,Up,2021-05-19,1
20,5,2021,0.022572101,Up,2021-05-20,1
21,5,2021,0.026832791,Up,2021-05-21,1
25,5,2021,-0.019526585,Down,2021-05-25,1
26,5,2021,0.010493079,Up,2021-05-26,1
27,5,2021,-0.003181398,Down,2021-05-27,1
28,5,2021,0.016560356,Up,2021-05-28,1
31,5,2021,-0.007758958,Down,2021-05-31,1
1,6,2021,-0.000962514,Down,2021-06-01,1
2,6,2021,0.021021019,Up,2021-06-02,1
3,6,2021,0.01564575,Up,2021-06-03,1
4,6,2021,0.012399046,Up,2021-06-04,1
7,6,2021,-0.003214201,Down,2021-06-07,1
8,6,2021,0.000958149,Up,2021-06-08,1
9,6,2021,-0.031085517,Down,2021-06-09,1
10,6,2021,-0.009057882,Down,2021-06-10,1
11,6,2021,-0.000991646,Down,2021-06-11,1
14,6,2021,0.001464062,Up,2021-06-14,1
15,6,2021,-0.007486904,Down,2021-06-15,1
16,6,2021,0.011831863,Up,2021-06-16,1
17,6,2021,-0.001928763,Down,2021-06-17,1
18,6,2021,-0.000810501,Down,2021-06-18,1
21,6,2021,0.005756963,Up,2021-06-21,1
22,6,2021,0.006099144,Up,2021-06-22,1
23,6,2021,-0.021784701,Down,2021-06-23,1
24,6,2021,-0.019672073,Down,2021-06-24,1
25,6,2021,0.001402844,Up,2021-06-25,1
28,6,2021,-0.011493627,Down,2021-06-28,1
29,6,2021,-0.0101332,Down,2021-06-29,1
30,6,2021,0.006590743,Up,2021-06-30,1
1,7,2021,0.010298777,Up,2021-07-01,1
2,7,2021,0.00823878,Up,2021-07-02,1
5,7,2021,0.025299977,Up,2021-07-05,1
6,7,2021,0.003803082,Up,2021-07-06,1
7,7,2021,-0.000194678,Down,2021-07-07,1
8,7,2021,-0.026676914,Down,2021-07-08,1
9,7,2021,-0.000164687,Down,2021-07-09,1
12,7,2021,0.003446892,Up,2021-07-12,0
13,7,2021,0.000855477,Up,2021-07-13,0
14,7,2021,-0.005308728,Down,2021-07-14,1
15,7,2021,0.018157918,Up,2021-07-15,1
16,7,2021,0.010170944,Up,2021-07-16,1
19,7,2021,-0.021820184,Down,2021-07-19,1
20,7,2021,0.018655733,Up,2021-07-20,1
21,7,2021,-0.000959337,Down,2021-07-21,1
22,7,2021,0.005576537,Up,2021-07-22,1
23,7,2021,0.006454594,Up,2021-07-23,1
26,7,2021,-0.003612402,Down,2021-07-26,1
27,7,2021,-0.003551144,Down,2021-07-27,1
28,7,2021,0.002787172,Up,2021-07-28,1
29,7,2021,-0.009697129,Down,2021-07-29,1
30,7,2021,-0.005092419,Down,2021-07-30,1
2,8,2021,0.010474134,Up,2021-08-02,1
3,8,2021,0.002945645,Up,2021-08-03,1
4,8,2021,0.014109662,Up,2021-08-04,1
5,8,2021,-0.005075365,Down,2021-08-05,1
6,8,2021,-0.010709104,Down,2021-08-06,1
9,8,2021,0.002143023,Up,2021-08-09,1
10,8,2021,0.001694021,Up,2021-08-10,1
11,8,2021,-0.016636068,Down,2021-08-11,1
12,8,2021,0.005628023,Up,2021-08-12,1
13,8,2021,0.000495412,Up,2021-08-13,1
16,8,2021,-0.003582858,Down,2021-08-16,1
17,8,2021,0.007577495,Up,2021-08-17,1
18,8,2021,-0.024722155,Down,2021-08-18,1
19,8,2021,-0.01126421,Down,2021-08-19,1
20,8,2021,0.019794582,Up,2021-08-20,1
23,8,2021,-0.012530742,Down,2021-08-23,1
24,8,2021,0.008060932,Up,2021-08-24,1
25,8,2021,0.030468167,Up,2021-08-25,1
26,8,2021,-0.011086569,Down,2021-08-26,1
27,8,2021,0.013248401,Up,2021-08-27,1
30,8,2021,-0.00637977,Down,2021-08-30,1
31,8,2021,-0.005646,Down,2021-08-31,1
1,9,2021,0.00615925,Up,2021-09-01,1
2,9,2021,0.014197644,Up,2021-09-02,1
3,9,2021,-0.024155956,Down,2021-09-03,1
6,9,2021,0.001611048,Up,2021-09-06,1
7,9,2021,-0.014687069,Down,2021-09-07,1
8,9,2021,-0.005417087,Down,2021-09-08,1
9,9,2021,-0.004108665,Down,2021-09-09,1
10,9,2021,-0.007983295,Down,2021-09-10,1
13,9,2021,0.013475346,Up,2021-09-13,1
14,9,2021,-0.005338922,Down,2021-09-14,1
15,9,2021,0.001529997,Up,2021-09-15,1
16,9,2021,0.009084533,Up,2021-09-16,1
17,9,2021,0.004517305,Up,2021-09-17,1
20,9,2021,-0.026128147,Down,2021-09-20,1
21,9,2021,0.01173218,Up,2021-09-21,1
22,9,2021,0.027632111,Up,2021-09-22,1
23,9,2021,0.018180411,Up,2021-09-23,1
24,9,2021,-0.019257176,Down,2021-09-24,0
27,9,2021,0.002695458,Up,2021-09-27,1
28,9,2021,-0.024343193,Down,2021-09-28,1
29,9,2021,-0.003026253,Down,2021-09-29,1
30,9,2021,-0.012114197,Down,2021-09-30,1
1,10,2021,-0.001946006,Down,2021-10-01,1
4,10,2021,-0.002522942,Down,2021-10-04,1
5,10,2021,-0.001272831,Down,2021-10-05,1
6,10,2021,-0.003834246,Down,2021-10-06,1
7,10,2021,0.017228006,Up,2021-10-07,1
8,10,2021,0.001403211,Up,2021-10-08,1
11,10,2021,-0.002524837,Down,2021-10-11,1
12,10,2021,-0.002691123,Down,2021-10-12,1
13,10,2021,0.011640807,Up,2021-10-13,1
14,10,2021,0.012975676,Up,2021-10-14,1
15,10,2021,0.002856279,Up,2021-10-15,1
18,10,2021,0.002014679,Up,2021-10-18,1
19,10,2021,0.009523227,Up,2021-10-19,1
20,10,2021,0.033868894,Up,2021-10-20,1
21,10,2021,0.008432946,Up,2021-10-21,0
22,10,2021,0.002453989,Up,2021-10-22,1
25,10,2021,-0.00499612,Down,2021-10-25,1
26,10,2021,0.009007671,Up,2021-10-26,1
27,10,2021,0.010018112,Up,2021-10-27,1
28,10,2021,-0.00938361,Down,2021-10-28,1
29,10,2021,-0.00331252,Down,2021-10-29,1
1,11,2021,-0.005897308,Down,2021-11-01,1
2,11,2021,-0.014439172,Down,2021-11-02,1
3,11,2021,0.003247674,Up,2021-11-03,1
4,11,2021,-0.00812789,Down,2021-11-04,1
5,11,2021,0.007253276,Up,2021-11-05,1
8,11,2021,-0.007019016,Down,2021-11-08,1
9,11,2021,-0.070925164,Down,2021-11-09,1
10,11,2021,0.006272494,Up,2021-11-10,1
11,11,2021,-0.001828149,Down,2021-11-11,1
12,11,2021,0.007203868,Up,2021-11-12,1
15,11,2021,0.005517654,Up,2021-11-15,1
16,11,2021,-0.003011758,Down,2021-11-16,1
17,11,2021,-0.025842684,Down,2021-11-17,1
18,11,2021,0.012089614,Up,2021-11-18,1
19,11,2021,0.004734464,Up,2021-11-19,1
22,11,2021,-0.024003419,Down,2021-11-22,1
23,11,2021,-0.020556374,Down,2021-11-23,1
24,11,2021,-0.005889957,Down,2021-11-24,1
25,11,2021,-0.004445066,Down,2021-11-25,1
26,11,2021,-0.029682894,Down,2021-11-26,1
29,11,2021,0.006950304,Up,2021-11-29,1
30,11,2021,-0.02158933,Down,2021-11-30,1
1,12,2021,0.000631238,Up,2021-12-01,1
2,12,2021,-0.007263547,Down,2021-12-02,1
3,12,2021,-0.001033448,Down,2021-12-03,1
6,12,2021,0.002746882,Up,2021-12-06,1
7,12,2021,0.025838533,Up,2021-12-07,1
8,12,2021,0.002341891,Up,2021-12-08,1
9,12,2021,0.004897634,Up,2021-12-09,1
10,12,2021,0.00244623,Up,2021-12-10,1
13,12,2021,-0.004289643,Down,2021-12-13,1
14,12,2021,-0.021185367,Down,2021-12-14,1
15,12,2021,-0.007909958,Down,2021-12-15,1
16,12,2021,0.017625979,Up,2021-12-16,1
17,12,2021,0.001230546,Up,2021-12-17,1
20,12,2021,-0.060802633,Down,2021-12-20,1
21,12,2021,0.023553851,Up,2021-12-21,1
22,12,2021,0.013472913,Up,2021-12-22,0
23,12,2021,0.017627477,Up,2021-12-23,0
27,12,2021,0.016009128,Up,2021-12-27,1
28,12,2021,0.006554175,Up,2021-12-28,0
29,12,2021,-0.012384158,Down,2021-12-29,1
30,12,2021,0.000734636,Up,2021-12-30,1
3,1,2022,0.005652781,Up,2022-01-03,1
4,1,2022,-0.008064923,Down,2022-01-04,1
5,1,2022,0.005698498,Up,2022-01-05,1
6,1,2022,-0.021258482,Down,2022-01-06,1
7,1,2022,0.003894787,Up,2022-01-07,1
10,1,2022,-0.019800667,Down,2022-01-10,1
11,1,2022,0.028322652,Up,2022-01-11,1
12,1,2022,0.010048069,Up,2022-01-12,1
13,1,2022,0.001128039,Up,2022-01-13,1
14,1,2022,-0.002392185,Down,2022-01-14,1
17,1,2022,-0.005737576,Down,2022-01-17,1
18,1,2022,0.00200642,Up,2022-01-18,1
19,1,2022,-0.010547965,Down,2022-01-19,0
20,1,2022,0.00391339,Up,2022-01-20,1
21,1,2022,0.00223584,Up,2022-01-21,1
24,1,2022,-0.038363219,Down,2022-01-24,1
25,1,2022,0.004931886,Up,2022-01-25,1
26,1,2022,0.031253882,Up,2022-01-26,1
27,1,2022,0.019129347,Up,2022-01-27,1
28,1,2022,0.005521965,Up,2022-01-28,1
31,1,2022,0.011228718,Up,2022-01-31,1
1,2,2022,0.017453143,Up,2022-02-01,1
2,2,2022,0.020738652,Up,2022-02-02,1
3,2,2022,-0.007880748,Down,2022-02-03,1
4,2,2022,0.017980663,Up,2022-02-04,1
7,2,2022,0.010872412,Up,2022-02-07,1
8,2,2022,-0.004849211,Down,2022-02-08,1
9,2,2022,0.013501425,Up,2022-02-09,1
10,2,2022,0.003514634,Up,2022-02-10,1
11,2,2022,0.01973006,Up,2022-02-11,1
14,2,2022,-0.002162287,Down,2022-02-14,1
15,2,2022,0.005106452,Up,2022-02-15,1
16,2,2022,0.021742315,Up,2022-02-16,1
17,2,2022,-0.011155887,Down,2022-02-17,1
18,2,2022,-0.018927866,Down,2022-02-18,1
21,2,2022,0.007543491,Up,2022-02-21,1
22,2,2022,-0.059301942,Down,2022-02-22,1
23,2,2022,0.028674603,Up,2022-02-23,1
24,2,2022,-0.047287971,Down,2022-02-24,1
25,2,2022,0.028894193,Up,2022-02-25,1
28,2,2022,-0.004501403,Down,2022-02-28,1
1,3,2022,0.007061152,Up,2022-03-01,1
2,3,2022,0.010233095,Up,2022-03-02,0
3,3,2022,-0.0152511,Down,2022-03-03,1
4,3,2022,-0.041615221,Down,2022-03-04,1
7,3,2022,-0.047050018,Down,2022-03-07,1
8,3,2022,-0.038672997,Down,2022-03-08,1
9,3,2022,0.053802706,Up,2022-03-09,1
10,3,2022,0.018836782,Up,2022-03-10,1
11,3,2022,0.013878005,Up,2022-03-11,1
14,3,2022,0.02221922,Up,2022-03-14,1
15,3,2022,-0.006183841,Down,2022-03-15,1
16,3,2022,0.024953438,Up,2022-03-16,1
17,3,2022,-0.017241806,Down,2022-03-17,1
18,3,2022,0.008972814,Up,2022-03-18,1
21,3,2022,0.025183143,Up,2022-03-21,1
22,3,2022,0.004580817,Up,2022-03-22,1
23,3,2022,-0.004604423,Down,2022-03-23,1
24,3,2022,-0.001405565,Down,2022-03-24,1
25,3,2022,0.017458176,Up,2022-03-25,1
28,3,2022,0.010767202,Up,2022-03-28,1
29,3,2022,0.00072366,Up,2022-03-29,1
30,3,2022,0.0171787,Up,2022-03-30,0
31,3,2022,-0.023606553,Down,2022-03-31,1
1,4,2022,0.042385529,Up,2022-04-01,1
4,4,2022,-0.006696237,Down,2022-04-04,1
5,4,2022,0.014062905,Up,2022-04-05,1
6,4,2022,-0.002780265,Down,2022-04-06,1
7,4,2022,0.002835241,Up,2022-04-07,1
8,4,2022,0.012917853,Up,2022-04-08,1
11,4,2022,0.007434375,Up,2022-04-11,1
12,4,2022,-0.006403783,Down,2022-04-12,1
13,4,2022,-0.008602672,Down,2022-04-13,0
19,4,2022,0.037457764,Up,2022-04-19,1
20,4,2022,-0.020164548,Down,2022-04-20,1
21,4,2022,0.013956383,Up,2022-04-21,1
22,4,2022,0.012063889,Up,2022-04-22,1
25,4,2022,-0.02424827,Down,2022-04-25,1
26,4,2022,0.004202643,Up,2022-04-26,1
27,4,2022,0.008908804,Up,2022-04-27,1
28,4,2022,0.023987862,Up,2022-04-28,1
29,4,2022,-0.008931413,Down,2022-04-29,1
2,5,2022,-0.023591352,Down,2022-05-02,1
3,5,2022,0.006281963,Up,2022-05-03,1
4,5,2022,-0.020508178,Down,2022-05-04,1
5,5,2022,-0.034526567,Down,2022-05-05,1
6,5,2022,-0.028292642,Down,2022-05-06,1
9,5,2022,0.012496222,Up,2022-05-09,1
10,5,2022,0.017813002,Up,2022-05-10,1
11,5,2022,0.005496896,Up,2022-05-11,1
12,5,2022,-0.046213971,Down,2022-05-12,1
13,5,2022,-0.012020433,Down,2022-05-13,1
16,5,2022,0.018005865,Up,2022-05-16,1
18,5,2022,-0.000289729,Down,2022-05-18,1
19,5,2022,0.005893927,Up,2022-05-19,1
20,5,2022,0.02447197,Up,2022-05-20,1
23,5,2022,0.018106849,Up,2022-05-23,1
24,5,2022,0.013354555,Up,2022-05-24,1
25,5,2022,-0.003711491,Down,2022-05-25,1
27,5,2022,-0.028649851,Down,2022-05-27,1
30,5,2022,-0.008675189,Down,2022-05-30,1
31,5,2022,0.009715669,Up,2022-05-31,1
1,6,2022,-0.000281104,Down,2022-06-01,1
2,6,2022,0.002414917,Up,2022-06-02,1
3,6,2022,-0.024933141,Down,2022-06-03,1
7,6,2022,0.005534302,Up,2022-06-07,1
8,6,2022,-0.024548214,Down,2022-06-08,1
9,6,2022,0.0113068,Up,2022-06-09,1
10,6,2022,-0.017834123,Down,2022-06-10,1
13,6,2022,-0.000944399,Down,2022-06-13,1
14,6,2022,0.013723751,Up,2022-06-14,1
15,6,2022,0.028339943,Up,2022-06-15,1
16,6,2022,-0.009900789,Down,2022-06-16,1
17,6,2022,0.006668211,Up,2022-06-17,1
20,6,2022,0.024547822,Up,2022-06-20,1
21,6,2022,-0.045644137,Down,2022-06-21,1
22,6,2022,-0.034828216,Down,2022-06-22,1
23,6,2022,0.014728509,Up,2022-06-23,1
24,6,2022,-0.000118392,Down,2022-06-24,1
27,6,2022,0.015595259,Up,2022-06-27,1
28,6,2022,0.019251067,Up,2022-06-28,1
29,6,2022,-0.010084409,Down,2022-06-29,1
30,6,2022,0.014277765,Up,2022-06-30,1
1,7,2022,-0.002879259,Down,2022-07-01,1
4,7,2022,0.041575393,Up,2022-07-04,1
5,7,2022,-0.012927235,Down,2022-07-05,1
6,7,2022,-0.006094101,Down,2022-07-06,1
7,7,2022,0.032702482,Up,2022-07-07,1
8,7,2022,-0.010318328,Down,2022-07-08,1
11,7,2022,0.020664962,Up,2022-07-11,0
